{"pearson_r":0.41697920142544076,"r2":0.12444762919506092,"_wandb":{"runtime":39},"_step":65,"rmse":1.0960658586367236,"loss":0.8036258816719055,"val_loss":1.436655879020691,"_timestamp":1.7551835403723917e+09,"mae":0.9079405717445536,"_runtime":39,"epoch":64,"spearman_r":0.4352610017160877}