{"mae":0.7660032183280927,"_runtime":15,"val_loss":1.0889893770217896,"_timestamp":1.755180828840909e+09,"r2":0.3185931686668936,"pearson_r":0.592671406631723,"_step":40,"epoch":39,"loss":0.32322242856025696,"rmse":0.9669384441913579,"spearman_r":0.5814245497544389,"_wandb":{"runtime":15}}