{"_step":77,"_wandb":{"runtime":87},"_runtime":87,"epoch":77,"loss":0.740889847278595,"val_loss":1.1144053936004639,"_timestamp":1.7551775735777934e+09}