{
  "rmse": 2.9634204935469355,
  "r2": -0.11104427093646199,
  "mse": 8.847156405050221
}