{"spearman_r":0.59436070911895,"_wandb":{"runtime":23},"_runtime":23,"_timestamp":1.7551794152477953e+09,"loss":0.32380154728889465,"val_loss":0.9580995440483093,"r2":0.35990256333238446,"epoch":34,"mae":0.759966612816967,"_step":35,"rmse":0.9371705440734857,"pearson_r":0.6137292492756421}