{
  "rmse": 3.787897656593833,
  "r2": -0.839629848266525,
  "mse": 14.650669137769718
}