{"loss":1.465880036354065,"_step":11,"r2":-9.716860893801488,"_timestamp":1.755178254079173e+09,"pearson_r":-0.05519011207628936,"rmse":3.834682245764255,"val_loss":17.413843154907227,"spearman_r":-0.0689616351960964,"mae":3.647535149932232,"_wandb":{"runtime":4},"_runtime":4,"epoch":10}