{"epoch":39,"loss":0.502428412437439,"val_loss":1.0066639184951782,"_timestamp":1.755178074152791e+09,"_wandb":{"runtime":22},"_runtime":22,"_step":39}