{"spearman_r":0.6159003774737484,"loss":0.3140529990196228,"rmse":0.932515880580457,"pearson_r":0.6181785004963616,"_runtime":56,"r2":0.36624514243276773,"val_loss":0.8798971176147461,"mae":0.7567568312912617,"_step":92,"_timestamp":1.7551785127979443e+09,"_wandb":{"runtime":56},"epoch":91}