{"r2":-17.87988294741725,"epoch":10,"_timestamp":1.7551803026477845e+09,"pearson_r":-0.11205497674403316,"_wandb":{"runtime":6},"spearman_r":-0.14445643108009154,"_runtime":6,"rmse":5.089735744412545,"mae":4.951343613022902,"val_loss":27.50517463684082,"loss":2.006471872329712,"_step":11}