{"epoch":41,"loss":0.8589105606079102,"val_loss":1.3100917339324951,"_timestamp":1.755177631663756e+09,"_step":41,"_wandb":{"runtime":56},"_runtime":56}