{
  "rmse": 2.868239395594517,
  "r2": -0.0393700719278393,
  "mse": 8.278113167421475
}