{"_timestamp":1.7551839202166238e+09,"spearman_r":0.5983213916402018,"r2":0.3450895674909179,"val_loss":1.0292807817459106,"_step":60,"rmse":0.9479524214577495,"loss":0.48041245341300964,"mae":0.7532737751288009,"pearson_r":0.5946094293145716,"epoch":59,"_wandb":{"runtime":36},"_runtime":36}