{"_wandb":{"runtime":15},"pearson_r":0.07307009529665219,"loss":1.1000391244888306,"_timestamp":1.7551783871019716e+09,"_runtime":15,"_step":11,"rmse":2.7831861479807602,"mae":2.521914329266178,"spearman_r":0.08525285833225602,"epoch":10,"val_loss":11.280324935913086,"r2":-4.645382031231893}