{"_wandb":{"runtime":13},"_timestamp":1.7551783701008244e+09,"loss":1.114882230758667,"_step":46,"spearman_r":0.3315389612369017,"_runtime":13,"val_loss":3.117149591445923,"epoch":45,"pearson_r":0.34133137244031364,"rmse":1.475048189564709,"r2":-0.5857008020026964,"mae":1.2145389701187315}