{"val_loss":1.5525416135787964,"r2":-0.005331715732933562,"_wandb":{"runtime":35},"loss":1.176682710647583,"spearman_r":0.04942508269510164,"rmse":1.174492581022437,"mae":0.9814433037591854,"pearson_r":0.09926555655823076,"_timestamp":1.755182751448753e+09,"_step":29,"epoch":28,"_runtime":35}