{"val_loss":0.9955729842185974,"spearman_r":0.5882643447276129,"_runtime":12,"_step":20,"rmse":0.9594874154346165,"epoch":19,"r2":0.3290542689903272,"_wandb":{"runtime":12},"loss":0.393799364566803,"mae":0.7665699685700866,"pearson_r":0.5769919499365459,"_timestamp":1.7551797538303144e+09}