{"mae":0.8598485781894636,"loss":0.9722824692726135,"epoch":66,"pearson_r":0.42302692479575177,"_runtime":163,"val_loss":1.3521062135696411,"_wandb":{"runtime":163},"_step":67,"spearman_r":0.3619694872773649,"_timestamp":1.7551845215510302e+09,"r2":0.16890046917423052,"rmse":1.067879143570728}