{"epoch":88,"rmse":0.9508164458187194,"r2":0.3411262611866308,"mae":0.7599535711343129,"pearson_r":0.6370945159143255,"loss":0.3050556182861328,"_runtime":107,"val_loss":0.9590591788291931,"_timestamp":1.75518219733246e+09,"_step":89,"spearman_r":0.6271026646003455,"_wandb":{"runtime":107}}