{"pearson_r":0.6289576218588194,"val_loss":1.1602338552474976,"r2":0.3159993080290897,"_runtime":91,"rmse":0.9687770823834972,"_step":142,"loss":0.41527259349823,"mae":0.7845524328718159,"_wandb":{"runtime":91},"epoch":141,"_timestamp":1.7551823692889593e+09,"spearman_r":0.6324820970500771}