{"_runtime":34,"_step":30,"_timestamp":1.755182233001221e+09,"spearman_r":NaN,"loss":1.1845512390136719,"val_loss":1.6466175317764282,"_wandb":{"runtime":34},"pearson_r":NaN,"epoch":29,"rmse":1.1732606850429594,"r2":-0.003223887004853543,"mae":0.979771094355714}