{"loss":1.2586748600006104,"val_loss":9.90972900390625,"_timestamp":1.7551774263823793e+09,"_step":11,"epoch":11,"_wandb":{"runtime":3},"_runtime":3}