{"loss":1.7419513463974,"val_loss":4.178918838500977,"_timestamp":1.755177447233452e+09,"_step":18,"_wandb":{"runtime":5},"_runtime":5,"epoch":18}