{
  "rmse": 3.113423589878656,
  "r2": -0.22858088072327068,
  "mse": 9.779175320596599
}