{"loss":0.5256901979446411,"val_loss":10.242740631103516,"_timestamp":1.7551815495618079e+09,"rmse":2.5165558894566464,"pearson_r":0.4380400413782964,"r2":-3.6155343561445195,"_runtime":15,"_step":36,"mae":2.2842310924993616,"epoch":35,"spearman_r":0.4245819094048359,"_wandb":{"runtime":15}}