{"mae":0.9740885861835678,"_timestamp":1.755183227124918e+09,"spearman_r":0.5222526549767692,"_wandb":{"runtime":26},"r2":-0.048667827103740846,"epoch":43,"rmse":1.199539512342142,"val_loss":1.8499349355697632,"pearson_r":0.5245918684201687,"_step":44,"loss":0.4357863664627075,"_runtime":26}