{
  "rmse": 1.3249059855608043,
  "r2": -28.98009939607219,
  "mse": 2.021330131204091
}