{"loss":0.5022099614143372,"epoch":51,"_step":52,"r2":0.11960976628671938,"pearson_r":0.5578849014682872,"_wandb":{"runtime":31},"_runtime":31,"_timestamp":1.7551834990938718e+09,"rmse":1.0990898420141493,"val_loss":1.4365649223327637,"mae":0.9001459242335076,"spearman_r":0.560506552838085}