{"pearson_r":0.10433800630811381,"_runtime":14,"r2":-8.341729309515737,"mae":3.3836523934511797,"epoch":11,"_wandb":{"runtime":14},"val_loss":18.255619049072266,"_timestamp":1.755180013860741e+09,"loss":1.5970113277435303,"spearman_r":0.151249669637433,"rmse":3.580215969123635,"_step":12}