{
  "rmse": 4.815151970324921,
  "r2": -2545.041989947597,
  "mse": 23.599846769522916
}