{"_step":71,"spearman_r":0.5678746046544695,"_wandb":{"runtime":101},"val_loss":1.1350980997085571,"r2":0.27664498783894587,"loss":0.3491201400756836,"mae":0.7955185216032798,"epoch":70,"rmse":0.9962568797445495,"_runtime":101,"pearson_r":0.5842788407359238,"_timestamp":1.75518343816235e+09}