{"_timestamp":1.7551796123813555e+09,"mae":0.7736695592531789,"pearson_r":0.5985012157206863,"epoch":76,"_step":77,"loss":0.3087063431739807,"spearman_r":0.5855276828276353,"_runtime":64,"rmse":0.952803681719423,"r2":0.3383692499219776,"_wandb":{"runtime":64},"val_loss":0.9688326716423035}