{"epoch":99,"loss":0.6306290030479431,"val_loss":1.3056658506393433,"_timestamp":1.7551773390741692e+09,"_wandb":{"runtime":30},"_runtime":30,"_step":99}