{"pearson_r":0.0946694009624407,"val_loss":11.02531909942627,"epoch":11,"spearman_r":0.09375160357838991,"_wandb":{"runtime":14},"_timestamp":1.75518048816906e+09,"loss":1.18825364112854,"_step":12,"rmse":2.7341215750880457,"_runtime":14,"r2":-4.448092492326983,"mae":2.470506558859499}