{"_wandb":{"runtime":119},"_runtime":119,"pearson_r":0.6372109525174555,"r2":0.4010200674724972,"rmse":0.9065707908216725,"epoch":100,"loss":0.2815738618373871,"val_loss":0.8618326187133789,"_step":101,"_timestamp":1.7551818266508296e+09,"spearman_r":0.6339618283755464,"mae":0.7107269797452666}