{"spearman_r":0.2787101669498086,"epoch":47,"loss":0.7860496044158936,"_timestamp":1.7551837276995296e+09,"rmse":1.1912496882993906,"mae":0.9846549913109889,"pearson_r":0.20210298387833836,"_wandb":{"runtime":31},"_runtime":31,"val_loss":1.9141018390655518,"_step":48,"r2":-0.03422356282145156}