{"val_loss":1.044848918914795,"mae":0.8135541043449908,"loss":0.6308808326721191,"_step":47,"_runtime":13,"epoch":46,"rmse":1.0207174352643138,"pearson_r":0.5127195515036972,"spearman_r":0.5068455341103648,"r2":0.24068864506988452,"_wandb":{"runtime":13},"_timestamp":1.7551784549594655e+09}