{"loss":0.8690255880355835,"val_loss":1.3308656215667725,"_timestamp":1.755177751645691e+09,"_wandb":{"runtime":35},"_runtime":35,"_step":31,"epoch":31}