{"loss":0.7154712080955505,"pearson_r":0.39644716488406456,"r2":0.06303165391852517,"spearman_r":0.38426939373276603,"_timestamp":1.7551803601017854e+09,"mae":0.9141843162502065,"_wandb":{"runtime":27},"val_loss":2.0502963066101074,"_step":22,"epoch":21,"rmse":1.1338563733626748,"_runtime":27}