{"epoch":29,"_wandb":{"runtime":38},"_step":30,"_runtime":38,"mae":0.953100497445973,"loss":0.8042260408401489,"val_loss":1.4614481925964355,"_timestamp":1.7551802942496986e+09,"rmse":1.1588125785007481,"pearson_r":0.2859385103425911,"r2":0.021332357759803244,"spearman_r":0.32450538995471245}