{"pearson_r":0.20690231551281685,"loss":0.40935081243515015,"val_loss":2.0727946758270264,"r2":-0.35287850961905187,"spearman_r":0.1938381501910458,"_runtime":32,"_timestamp":1.755182625426862e+09,"mae":1.1040426780725348,"_wandb":{"runtime":32},"rmse":1.362463840428799,"epoch":26,"_step":27}