{
  "rmse": 3.392098521309154,
  "r2": -0.4636491868009535,
  "mse": 11.655113613326414
}