{"val_loss":2.674072265625,"_step":245,"epoch":244,"rmse":1.594496819245881,"pearson_r":0.5543232841579598,"spearman_r":0.5033618110289871,"loss":0.3309754431247711,"mae":1.3517361218358546,"r2":-0.8529177539337267,"_runtime":90,"_timestamp":1.7551833186765559e+09,"_wandb":{"runtime":90}}