{
  "rmse": 1.9720574980292374,
  "r2": -211.8093842435147,
  "mse": 4.278398946724915
}