{"spearman_r":0.4654306584535802,"_runtime":13,"val_loss":1.9311339855194092,"rmse":1.2906510776125901,"_timestamp":1.7551793902912192e+09,"loss":0.6165836453437805,"_wandb":{"runtime":13},"_step":20,"epoch":19,"pearson_r":0.48573132377122813,"r2":-0.2140219102312968,"mae":1.0541011558276003}