{"val_loss":2.8530313968658447,"_wandb":{"runtime":3},"loss":1.3159513473510742,"rmse":1.512691507751903,"r2":-0.6676678858226559,"mae":1.2390249118632606,"epoch":10,"_step":11,"pearson_r":0.09665289033018817,"_timestamp":1.7551782789656665e+09,"_runtime":3,"spearman_r":0.09576030341129166}