{"_wandb":{"runtime":87},"rmse":0.9807261899059778,"r2":0.2990220219964551,"_step":127,"spearman_r":0.5747585573745445,"_runtime":87,"loss":0.43812263011932373,"val_loss":1.1242377758026123,"_timestamp":1.7551836690169141e+09,"epoch":126,"mae":0.7846614840994551,"pearson_r":0.5864241838022415}