{"_step":89,"r2":-0.25253469690375563,"pearson_r":0.3781443259777992,"_wandb":{"runtime":27},"loss":0.664711594581604,"mae":1.078836140437344,"epoch":88,"_timestamp":1.75518153220972e+09,"val_loss":1.7802497148513794,"rmse":1.3109631027273425,"spearman_r":0.362066391009914,"_runtime":27}