{"loss":0.31080833077430725,"epoch":19,"mae":0.8040025179913252,"rmse":0.9881694259782093,"spearman_r":0.5479382337514902,"_runtime":14,"val_loss":0.9767021536827087,"_timestamp":1.7551794515355725e+09,"_step":20,"r2":0.288341479472223,"pearson_r":0.5558844616632488,"_wandb":{"runtime":14}}