{"r2":0.0648832974402932,"pearson_r":0.28086528352552403,"rmse":1.1327354517734034,"epoch":20,"spearman_r":0.2878804576894002,"_runtime":32,"loss":0.9449175596237183,"val_loss":1.3287409543991089,"_timestamp":1.755179174223865e+09,"_wandb":{"runtime":32},"_step":21,"mae":0.9361651621941461}