{"val_loss":1.0494757890701294,"_runtime":82,"spearman_r":0.630608154838154,"rmse":0.9835335658626869,"r2":0.29500311160400383,"_timestamp":1.7551841802865875e+09,"pearson_r":0.6456854752919117,"_step":67,"epoch":66,"_wandb":{"runtime":82},"loss":0.3857649266719818,"mae":0.8000341991773613}