{"pearson_r":0.5515648680284663,"val_loss":1.025185465812683,"spearman_r":0.5442318210335508,"r2":0.27087114666110734,"_runtime":14,"loss":0.3219422399997711,"_wandb":{"runtime":14},"mae":0.7914964633712803,"_timestamp":1.7551833351524565e+09,"rmse":1.00022505295678,"_step":67,"epoch":66}