{"val_loss":1.0307714939117432,"_timestamp":1.7551777701805623e+09,"_step":30,"epoch":30,"_wandb":{"runtime":17},"_runtime":17,"loss":0.7053268551826477}