{"val_loss":1.0750095844268799,"pearson_r":0.6284486981167106,"r2":0.32989016420508843,"rmse":0.9588895422686946,"spearman_r":0.612188144331639,"_runtime":133,"_timestamp":1.7551830281313877e+09,"_step":113,"loss":0.2985773980617523,"mae":0.7714080459029297,"epoch":112,"_wandb":{"runtime":133}}