{"mae":0.8576268046614527,"loss":0.9221203923225403,"r2":0.19681094345795092,"pearson_r":0.4796917328466172,"_runtime":28,"spearman_r":0.47106974243722144,"rmse":1.0497949450576312,"_timestamp":1.7551782480583212e+09,"_step":43,"val_loss":1.388110637664795,"epoch":42,"_wandb":{"runtime":28}}