{"mae":0.9035554063655256,"rmse":1.1020417666414093,"epoch":26,"spearman_r":0.46746973377062395,"_runtime":20,"_timestamp":1.7551796341547704e+09,"r2":0.1148743288548717,"pearson_r":0.4841330217033125,"loss":0.6442481279373169,"val_loss":1.625731348991394,"_wandb":{"runtime":20},"_step":27}