{"rmse":1.0492276536055745,"r2":0.197678768508185,"pearson_r":0.4565996536855764,"_runtime":62,"loss":0.7488033771514893,"epoch":50,"mae":0.8482215684768994,"spearman_r":0.45958922252444595,"_step":51,"_wandb":{"runtime":62},"val_loss":1.2453641891479492,"_timestamp":1.755180673708176e+09}