{
  "rmse": 2.8686119409707875,
  "r2": -0.03960259044449465,
  "mse": 8.280586760179654
}