{"r2":-6.489353847297708,"_timestamp":1.7551836761591978e+09,"rmse":3.2056622352815993,"mae":2.9815686059494544,"val_loss":14.74647045135498,"_wandb":{"runtime":5},"_runtime":5,"pearson_r":0.06012981140459477,"_step":29,"epoch":28,"loss":1.8420714139938354,"spearman_r":0.06902891102581596}