{
  "rmse": 3.8847711377319283,
  "r2": -0.9368213211812303,
  "mse": 15.420977661043505
}