{"pearson_r":0.49442017497214336,"loss":0.5540514588356018,"val_loss":1.6639093160629272,"r2":-0.07963663327568593,"_runtime":107,"_wandb":{"runtime":107},"_step":166,"epoch":165,"_timestamp":1.755181502833826e+09,"rmse":1.2171227833333496,"spearman_r":0.5243685070956264,"mae":1.0064421051270542}