{"rmse":3.268310898336247,"_runtime":3,"epoch":10,"_step":11,"r2":-6.784945066164044,"mae":3.0565044139527746,"pearson_r":0.15466818757465814,"_timestamp":1.755179258012788e+09,"spearman_r":0.16185795007380901,"_wandb":{"runtime":3},"val_loss":15.013574600219727,"loss":1.281543493270874}