{"loss":0.9760446548461914,"mae":1.6465287548421288,"spearman_r":0.09494875403234138,"_timestamp":1.7551831987408912e+09,"rmse":1.9431113653494547,"pearson_r":0.10900360500639399,"_wandb":{"runtime":35},"val_loss":4.126142978668213,"r2":-1.7517198207400484,"_runtime":35,"epoch":26,"_step":27}