{
  "rmse": 3.180633159385477,
  "r2": -0.2826798839313928,
  "mse": 10.21858815764105
}