{"_step":43,"epoch":42,"rmse":1.1716539122206775,"spearman_r":-0.058681130941846536,"val_loss":1.7952359914779663,"r2":-0.00047795148108309427,"mae":0.9779439223506176,"pearson_r":-0.05168130305611246,"_timestamp":1.7551822765469606e+09,"loss":1.169521689414978,"_wandb":{"runtime":41},"_runtime":41}