{
  "rmse": 2.8933068051386037,
  "r2": -0.05804962298543158,
  "mse": 8.428633057552835
}