{"spearman_r":0.07437066907886868,"_timestamp":1.755184529957842e+09,"_step":26,"pearson_r":0.06509185827001714,"epoch":25,"rmse":3.317138760408297,"_wandb":{"runtime":6},"loss":1.3651459217071533,"val_loss":16.651294708251953,"r2":-7.0192934546665455,"_runtime":6,"mae":3.103466703653907}