{
  "rmse": 3.6939127851888087,
  "r2": -0.7466045438645277,
  "mse": 13.904991357222848
}