{
  "rmse": 3.57553159791889,
  "r2": -0.6316338562247745,
  "mse": 12.991293408798931
}