{
  "rmse": 3.740228951176672,
  "r2": -0.7912320536514589,
  "mse": 14.262006616911362
}