{
  "rmse": 3.4943386699044985,
  "r2": -0.5557925485846988,
  "mse": 12.39480885374905
}