{"_runtime":46,"val_loss":1.2436212301254272,"r2":0.18089596445455236,"_step":54,"epoch":53,"pearson_r":0.4573221269388345,"_wandb":{"runtime":46},"loss":0.8327988386154175,"rmse":1.0601446322368626,"_timestamp":1.7551820883903024e+09,"spearman_r":0.44393069609730235,"mae":0.8616729768652472}