{"mae":0.8207642123932986,"loss":0.8785529732704163,"pearson_r":0.5183439800942738,"spearman_r":0.5028981914921499,"r2":0.24836998505366592,"_runtime":31,"rmse":1.0155414244766023,"_wandb":{"runtime":31},"_timestamp":1.7551785553313131e+09,"epoch":51,"val_loss":1.2501227855682373,"_step":52}