{"loss":0.8661025166511536,"spearman_r":0.35011918017243104,"_timestamp":1.7551793660144095e+09,"rmse":1.1079577059648855,"_step":39,"mae":0.9123785432931616,"epoch":38,"pearson_r":0.3617587126454865,"_runtime":61,"val_loss":1.2439924478530884,"r2":0.1053458251059467,"_wandb":{"runtime":61}}