{"loss":1.331634759902954,"val_loss":13.258636474609375,"_runtime":14,"_wandb":{"runtime":14},"_timestamp":1.7551800310728643e+09,"pearson_r":0.11949096720843341,"spearman_r":0.15283677867603196,"rmse":3.4150595554357306,"r2":-7.499735115771541,"epoch":11,"mae":3.2090994635788936,"_step":12}