{"_step":22,"val_loss":23.887901306152344,"loss":2.387706995010376,"epoch":21,"pearson_r":0.116348946120168,"rmse":4.754572721506496,"_runtime":30,"_timestamp":1.7551783107719734e+09,"spearman_r":0.11233863710600894,"mae":4.609734996505266,"_wandb":{"runtime":30},"r2":-15.475242541129564}