{"spearman_r":0.5787271029290499,"_runtime":27,"_wandb":{"runtime":27},"r2":-0.0901580831572446,"mae":1.0101538473754168,"rmse":1.2230390553235315,"val_loss":1.8296175003051758,"_step":80,"epoch":79,"loss":0.6810551881790161,"_timestamp":1.7551790445434487e+09,"pearson_r":0.5613339999107285}