{"epoch":10,"loss":1.1361950635910034,"val_loss":11.887124061584473,"_timestamp":1.7551770641548688e+09,"_step":10,"_wandb":{"runtime":6},"_runtime":6}