{"_wandb":{"runtime":16},"_runtime":16,"mae":0.9802552121949804,"pearson_r":NaN,"rmse":1.1806111449396572,"epoch":10,"_step":11,"val_loss":1.6779309511184692,"spearman_r":NaN,"loss":1.1719145774841309,"r2":-0.015833627589002974,"_timestamp":1.7551791395170808e+09}