{"_timestamp":1.7551793032895422e+09,"r2":-5.10897494933049,"_step":12,"pearson_r":0.10271147222249857,"val_loss":11.64456558227539,"mae":2.648563229185209,"spearman_r":0.12324793932453139,"loss":1.4006767272949219,"rmse":2.895207919571265,"_runtime":5,"epoch":11,"_wandb":{"runtime":5}}