{"spearman_r":0.5751329686220957,"_runtime":27,"_step":40,"_timestamp":1.7551796805111551e+09,"epoch":39,"mae":0.7810400735115939,"val_loss":1.402655005455017,"r2":0.28448045015205947,"_wandb":{"runtime":27},"rmse":0.9908464052175565,"loss":0.298907995223999,"pearson_r":0.5860692409724649}