{
  "rmse": 3.9063839266531444,
  "r2": -0.9633656672410742,
  "mse": 15.627971350947352
}