{"val_loss":3.792489528656006,"mae":1.5714084748442938,"r2":-1.4413034588273517,"epoch":38,"_step":39,"pearson_r":0.48138957228017437,"_runtime":16,"loss":0.5248377919197083,"_timestamp":1.7551836944198325e+09,"rmse":1.8302333688962646,"spearman_r":0.4571676958053456,"_wandb":{"runtime":16}}