{"loss":1.1620984077453613,"pearson_r":0.27102961716934293,"rmse":1.1503398458436287,"r2":0.03559122194506781,"_runtime":43,"epoch":30,"val_loss":1.6349657773971558,"mae":0.955685513683279,"spearman_r":0.2580206753075462,"_wandb":{"runtime":43},"_step":31,"_timestamp":1.755181705785064e+09}