{"r2":0.06371924212843327,"_runtime":21,"_step":32,"pearson_r":0.25995125738381025,"_timestamp":1.7551806967827349e+09,"_wandb":{"runtime":21},"val_loss":1.389493703842163,"spearman_r":0.2904430337043584,"epoch":31,"rmse":1.1334402603953826,"loss":0.8879828453063965,"mae":0.9293813879770676}