{"spearman_r":0.43625812745701564,"rmse":1.6580303629445463,"_step":37,"loss":0.6821056008338928,"r2":-1.0035204832311577,"_runtime":29,"epoch":36,"_wandb":{"runtime":29},"mae":1.400228717685361,"pearson_r":0.4708260584650004,"val_loss":4.001880168914795,"_timestamp":1.7551792527160478e+09}