{"mae":0.8949087331445269,"pearson_r":0.3893947100130385,"spearman_r":0.4069407388023402,"r2":0.13795386586974878,"_wandb":{"runtime":67},"val_loss":1.2204272747039795,"_timestamp":1.7551842494659722e+09,"_step":53,"rmse":1.087579067644589,"epoch":52,"loss":0.7520508766174316,"_runtime":67}