{"_step":40,"epoch":40,"loss":0.6853799819946289,"val_loss":1.105078935623169,"_timestamp":1.7551777142209072e+09,"_wandb":{"runtime":24},"_runtime":24}