{"_runtime":75,"epoch":108,"loss":0.5538403391838074,"rmse":1.5651331848231083,"_step":109,"pearson_r":0.23394974274850627,"_timestamp":1.7551791215650923e+09,"val_loss":2.880270481109619,"_wandb":{"runtime":75},"spearman_r":0.1889841499172833,"mae":1.2992051281060593,"r2":-0.7853009146785124}