{"_step":57,"r2":0.15362212717149204,"pearson_r":0.39509953963597216,"spearman_r":0.42619092989462,"epoch":56,"val_loss":1.1887576580047607,"_timestamp":1.7551782741507204e+09,"_wandb":{"runtime":18},"_runtime":18,"loss":0.7749680280685425,"rmse":1.077650007822631,"mae":0.883564358634403}