{"pearson_r":0.04617754242005039,"epoch":25,"_timestamp":1.7551838820486734e+09,"mae":3.8160062647312714,"_wandb":{"runtime":12},"_runtime":12,"rmse":3.9944847206241527,"r2":-10.62867831181602,"_step":26,"val_loss":25.970670700073242,"spearman_r":0.019890149838422713,"loss":1.4660930633544922}