{
  "rmse": 1.1740984873798062,
  "r2": -21.31533208412438,
  "mse": 1.5475100258234682
}