{"epoch":46,"_wandb":{"runtime":52},"_runtime":52,"loss":0.8027983903884888,"val_loss":1.1666160821914673,"_timestamp":1.7551774118620927e+09,"_step":46}