{"_step":77,"mae":0.7484161555515539,"loss":0.43217745423316956,"r2":0.3646664032276966,"epoch":76,"pearson_r":0.6112966159307579,"_timestamp":1.7551801233960931e+09,"_runtime":89,"val_loss":0.9047927856445312,"spearman_r":0.6063731708585777,"rmse":0.9336766477588465,"_wandb":{"runtime":89}}