{"_step":11,"rmse":1.390304902430724,"loss":1.2965319156646729,"pearson_r":0.1299221563086898,"mae":1.1377236063782878,"_wandb":{"runtime":7},"_runtime":7,"epoch":10,"r2":-0.4087338051367986,"val_loss":2.3872430324554443,"spearman_r":0.11128650280574869,"_timestamp":1.7551793751594903e+09}