{"loss":4.531927108764648,"val_loss":11.981405258178711,"_timestamp":1.7551772972873058e+09,"_step":10,"_wandb":{"runtime":3},"_runtime":3,"epoch":10}