{
  "rmse": 3.91205358624857,
  "r2": -0.9660793000639083,
  "mse": 15.655749822540027
}