{"_wandb":{"runtime":10},"_runtime":10,"_timestamp":1.7551784399018488e+09,"_step":36,"val_loss":1.17960786819458,"epoch":35,"mae":0.8067231263920246,"pearson_r":0.5386219371209171,"rmse":1.006948835655275,"spearman_r":0.5280309275824803,"loss":0.6690131425857544,"r2":0.2610353963331624}