{
  "rmse": 2.2497188797516134,
  "r2": -476.42699589478576,
  "mse": 5.6449938861453886
}