{"epoch":35,"val_loss":1.6636732816696167,"r2":-0.0725516855460624,"_runtime":17,"_wandb":{"runtime":17},"_timestamp":1.7551792778241892e+09,"pearson_r":0.08547992302502175,"rmse":1.2131226203008492,"spearman_r":0.13857075703338032,"_step":36,"mae":1.003937782900627,"loss":0.9031524658203125}