{"_step":47,"loss":0.4285568296909332,"r2":0.3045336467212082,"_timestamp":1.7551794818176823e+09,"rmse":0.9768629715157586,"mae":0.7850361758539197,"spearman_r":0.5639391240179754,"val_loss":1.0740100145339966,"_wandb":{"runtime":28},"_runtime":28,"epoch":46,"pearson_r":0.5636687641856033}