{"pearson_r":0.22479578139478987,"val_loss":1.5062730312347412,"_timestamp":1.7551792966519308e+09,"spearman_r":0.29578863756053225,"rmse":1.163738356561906,"_wandb":{"runtime":16},"loss":1.197279930114746,"_step":14,"_runtime":16,"r2":0.012994606871040926,"epoch":13,"mae":0.9676812223722895}