{"val_loss":2.9817209243774414,"_step":11,"rmse":1.1881084665096957,"_runtime":8,"pearson_r":0.12608953543224916,"spearman_r":0.10816999020602945,"epoch":10,"_timestamp":1.7551797398897305e+09,"r2":-0.028776438982603292,"mae":0.9856693340824288,"_wandb":{"runtime":8},"loss":1.094024658203125}