{"mae":0.9594770201145927,"_wandb":{"runtime":18},"_timestamp":1.7551834659314427e+09,"r2":-0.01718657203505969,"spearman_r":0.4397795072600579,"loss":0.39243409037590027,"rmse":1.1813970855494424,"_step":28,"epoch":27,"pearson_r":0.45025008645465225,"_runtime":18,"val_loss":1.7307320833206177}