{"_step":26,"loss":0.7408999800682068,"rmse":2.141200728489796,"epoch":25,"pearson_r":0.07649905268099087,"val_loss":5.096711158752441,"r2":-2.341362490886998,"mae":1.8545190036500883,"spearman_r":0.07167959567580805,"_wandb":{"runtime":5},"_runtime":5,"_timestamp":1.755181393558284e+09}