{"pearson_r":0.04587760516113822,"_wandb":{"runtime":6},"_runtime":6,"val_loss":7.260077476501465,"rmse":1.7852600874909637,"spearman_r":-0.014405433452390634,"loss":1.4470411539077759,"_step":26,"r2":-1.3228000115234595,"epoch":25,"_timestamp":1.7551812238023314e+09,"mae":1.4772157044231977}