{
  "rmse": 2.86623401386682,
  "r2": -0.03788278254378201,
  "mse": 8.266440972037937
}