{
  "scenario": 1,
  "best_params": {
    "n_layers": 1,
    "n_filters": 64,
    "kernel_size": 3,
    "learning_rate": 0.01
  },
  "best_value": 7.379045783330763,
  "n_trials": 10,
  "study_name": "cnn_scenario_1_20250729_152334",
  "timestamp": "2025-07-29T15:24:11.672641",
  "search_space": {
    "n_layers": [
      1,
      2,
      3
    ],
    "n_filters": [
      32,
      64,
      128
    ],
    "kernel_size": [
      3,
      5,
      7
    ],
    "learning_rate": [
      0.01,
      0.001,
      0.005,
      0.0001,
      5e-05
    ],
    "dropout": 0.25,
    "batch_size": 32
  }
}