{
  "scenario": 2,
  "best_params": {
    "n_layers": 3,
    "n_filters": 128,
    "kernel_size": 7,
    "learning_rate": 0.001
  },
  "best_value": 0.13455727929079797,
  "n_trials": 10,
  "study_name": "cnn_scenario_2_20250729_152438",
  "timestamp": "2025-07-29T16:26:02.818414",
  "search_space": {
    "n_layers": [
      1,
      2,
      3
    ],
    "n_filters": [
      32,
      64,
      128
    ],
    "kernel_size": [
      3,
      5,
      7
    ],
    "learning_rate": [
      0.01,
      0.001,
      0.005,
      0.0001,
      5e-05
    ],
    "dropout": 0.25,
    "batch_size": 32
  }
}