{"pearson_r":0.28227678493839853,"_wandb":{"runtime":26},"epoch":30,"val_loss":1.3533135652542114,"_timestamp":1.7551803310054178e+09,"rmse":1.1291120655393536,"r2":0.07085621859225566,"mae":0.9311510187556908,"_step":31,"loss":0.9416417479515076,"_runtime":26,"spearman_r":0.18931152202062954}