{"_runtime":22,"val_loss":0.922311544418335,"_timestamp":1.7551778229394622e+09,"_step":38,"epoch":38,"loss":0.48056265711784363,"_wandb":{"runtime":22}}