{"_timestamp":1.7551840073465323e+09,"loss":0.36010298132896423,"rmse":0.9782631592010772,"r2":0.30253852286323635,"mae":0.7920298014929543,"val_loss":1.0104187726974487,"spearman_r":0.5864781389633449,"_wandb":{"runtime":85},"_step":72,"epoch":71,"pearson_r":0.5908542931488623,"_runtime":85}