{"_timestamp":1.7551843565793986e+09,"mae":0.755421779311804,"_wandb":{"runtime":105},"epoch":84,"rmse":0.9386349328702579,"_runtime":105,"_step":85,"loss":0.3287317156791687,"val_loss":0.9293777942657471,"pearson_r":0.6224743694308357,"spearman_r":0.6178807006391935,"r2":0.3579006142595743}