{"pearson_r":0.2836228194339854,"loss":1.1675453186035156,"_timestamp":1.7551792210689218e+09,"_wandb":{"runtime":45},"_step":28,"epoch":27,"r2":0.07539404813997086,"mae":0.925582240164357,"rmse":1.1263514651728344,"val_loss":1.7672690153121948,"spearman_r":0.3075514560889774,"_runtime":45}