{"_step":11,"_wandb":{"runtime":7},"_runtime":7,"epoch":11,"loss":2.2512481212615967,"val_loss":10.619746208190918,"_timestamp":1.7551774209701915e+09}