{
  "rmse": 2.9419520634871263,
  "r2": -0.09570133307307062,
  "mse": 8.718038855587759
}