{"epoch":24,"loss":1.9669876098632812,"_wandb":{"runtime":8},"_runtime":8,"val_loss":13.4822359085083,"_timestamp":1.755177307469163e+09,"_step":24}