{"mae":2.3338763439697816,"loss":0.8025848865509033,"spearman_r":0.2933354357060936,"_runtime":7,"epoch":12,"pearson_r":0.2908391497380831,"_timestamp":1.755178522123243e+09,"val_loss":7.771601676940918,"_step":13,"r2":-3.880765934342345,"_wandb":{"runtime":7},"rmse":2.587852840597266}