{
  "rmse": 2.227869815602074,
  "r2": -114.6028461086794,
  "mse": 5.683540700106604
}