{"epoch":42,"_timestamp":1.7551820405366206e+09,"_step":43,"val_loss":0.9322989583015442,"loss":0.36737126111984253,"pearson_r":0.6057382836912502,"r2":0.34715571742379137,"mae":0.7644331081150819,"spearman_r":0.5973190934444946,"_wandb":{"runtime":52},"_runtime":52,"rmse":0.9464559121931193}