{"loss":0.3143739402294159,"_timestamp":1.7551827146526477e+09,"spearman_r":0.5285231931270962,"mae":0.8354040670593196,"r2":0.21238262642176664,"val_loss":1.3828420639038086,"_step":39,"_runtime":26,"rmse":1.039568782927553,"_wandb":{"runtime":26},"epoch":38,"pearson_r":0.5398032605309151}