{"loss":0.23662863671779633,"spearman_r":0.5917968586347919,"_wandb":{"runtime":56},"_step":69,"r2":0.29078577160715535,"_runtime":56,"_timestamp":1.755181895447299e+09,"mae":0.7949680706699432,"rmse":0.98647096228928,"val_loss":1.0429999828338623,"pearson_r":0.5957221120166166,"epoch":68}