{"pearson_r":0.6333297790950984,"mae":0.7227267843274101,"_timestamp":1.7551846490103538e+09,"_wandb":{"runtime":117},"val_loss":0.868928074836731,"_step":160,"r2":0.4007004514067548,"spearman_r":0.6294181132567266,"_runtime":117,"epoch":159,"loss":0.28334948420524597,"rmse":0.9068126319341607}