{"rmse":2.231382095423289,"val_loss":5.626132011413574,"r2":-2.6287472195721286,"_wandb":{"runtime":8},"loss":0.8027001619338989,"spearman_r":0.4856478720507388,"mae":1.9883156193044877,"_runtime":8,"epoch":25,"_timestamp":1.7551799969873836e+09,"_step":26,"pearson_r":0.4857398952529849}