{"_runtime":6,"r2":-3.175854604005088,"loss":0.9171898365020752,"pearson_r":0.14959788130117072,"_wandb":{"runtime":6},"val_loss":6.866243362426758,"mae":2.1226402907323187,"epoch":10,"_timestamp":1.7551785852391806e+09,"spearman_r":0.20908601472354532,"_step":11,"rmse":2.3936920113253684}