{
  "rmse": 3.1975577272300337,
  "r2": -0.29694979166904817,
  "mse": 10.328944329832709
}