{"_timestamp":1.7551798149963198e+09,"loss":0.6168622970581055,"pearson_r":0.5097234125076648,"spearman_r":0.5022843897147294,"r2":0.18681238184111426,"mae":0.8558803927243294,"_runtime":59,"epoch":88,"_step":89,"val_loss":1.266772747039795,"rmse":1.056308962323398,"_wandb":{"runtime":59}}