{"_step":91,"pearson_r":0.6060414814822228,"epoch":90,"r2":0.27877822796577034,"loss":0.27700936794281006,"val_loss":1.0480475425720215,"rmse":0.9947867687171524,"_runtime":109,"mae":0.8140944794822488,"_wandb":{"runtime":109},"spearman_r":0.5939712107372838,"_timestamp":1.7551799861491187e+09}