{"r2":0.18966305247011472,"_wandb":{"runtime":109},"pearson_r":0.5681285195261292,"mae":0.8482492223150362,"val_loss":1.1624865531921387,"spearman_r":0.5839077907951769,"_step":232,"_runtime":109,"epoch":231,"loss":0.4638550579547882,"_timestamp":1.7551816607502275e+09,"rmse":1.0544558644210917}