{"loss":0.7240871787071228,"_wandb":{"runtime":5},"mae":1.1933719693668332,"spearman_r":0.3521815926275361,"pearson_r":0.34852191330548976,"_runtime":5,"val_loss":5.092285633087158,"_step":15,"r2":-0.5321811536946015,"_timestamp":1.7551784272797287e+09,"epoch":14,"rmse":1.4499420463353845}