{"_runtime":9,"loss":0.7635270953178406,"_wandb":{"runtime":9},"spearman_r":0.21729307394572495,"epoch":14,"_timestamp":1.7551796911567652e+09,"rmse":1.1935621899167381,"r2":-0.038242812626897216,"_step":15,"val_loss":1.5016202926635742,"pearson_r":0.214924944789814,"mae":0.9717055115712351}