{"pearson_r":0.5762304458543337,"_wandb":{"runtime":90},"_runtime":90,"val_loss":0.9920433163642883,"spearman_r":0.5684785319419823,"r2":0.311241672825309,"mae":0.774873444939714,"loss":0.5813138484954834,"_step":76,"_timestamp":1.7551819868649733e+09,"epoch":75,"rmse":0.972140456877}