{
  "rmse": 3.2310189351588985,
  "r2": -0.32515608028424625,
  "mse": 10.550609134112712
}