{"epoch":49,"loss":0.7729545831680298,"val_loss":1.1532914638519287,"_timestamp":1.755177688447486e+09,"_step":49,"_wandb":{"runtime":55},"_runtime":55}