{"epoch":34,"loss":0.7840129137039185,"_wandb":{"runtime":25},"_runtime":25,"val_loss":1.3444690704345703,"r2":0.17448661210545702,"mae":0.8728668237295758,"spearman_r":0.3982198004980268,"_timestamp":1.7551798423690753e+09,"rmse":1.0642842773997157,"pearson_r":0.4245710537959808,"_step":35}