{"loss":0.9953463673591614,"val_loss":4.731584548950195,"mae":1.6018963863296924,"_wandb":{"runtime":6},"rmse":1.8820147590647376,"r2":-1.5813974572692402,"_runtime":6,"_timestamp":1.7551834461051662e+09,"_step":27,"epoch":26,"spearman_r":-0.01491854375015267,"pearson_r":0.031045818763567504}