{"val_loss":2.47304105758667,"rmse":1.3620690812014442,"mae":1.1420509567997439,"pearson_r":0.5776756631642459,"_runtime":198,"_step":138,"r2":-0.35209465922968386,"_wandb":{"runtime":198},"epoch":137,"_timestamp":1.7551825916650383e+09,"spearman_r":0.5704210025229519,"loss":0.4284260869026184}