{"_step":55,"spearman_r":0.5931790835822187,"rmse":1.0025755757442236,"r2":0.26744022333160133,"_runtime":37,"mae":0.8124188341217681,"_wandb":{"runtime":37},"loss":0.5711959004402161,"epoch":54,"val_loss":1.0479093790054321,"pearson_r":0.590860450325592,"_timestamp":1.7551797299776835e+09}