{
  "validation": {
    "rmse": 2.6948544761587265,
    "r2": -0.0062284131548700624,
    "mae": 2.3251717472379214,
    "rmse_std": 0.22563166600188425,
    "r2_std": 0.11539402847767845,
    "mae_std": 0.3234927445115306
  },
  "test": {
    "rmse": 2.7823231295546025,
    "r2": 0.0146522115818847,
    "mae": 2.4389123642129205,
    "rmse_std": 0.20008568403209195,
    "r2_std": 0.12048143622244895,
    "mae_std": 0.24662260748302253
  }
}