{"_step":29,"_wandb":{"runtime":8},"val_loss":1.1980555057525635,"spearman_r":0.4719589383664934,"_timestamp":1.7551783971889496e+09,"r2":0.21131901387740493,"epoch":28,"rmse":1.0402704722239398,"pearson_r":0.48701925130796025,"_runtime":8,"loss":0.6926137208938599,"mae":0.8438922550538541}