{
  "rmse": 3.4325404908744788,
  "r2": -0.5003207503353871,
  "mse": 11.943725114682048
}