{
  "rmse": 3.2782696477545543,
  "r2": -0.3647890194602635,
  "mse": 10.868365907350112
}