{"_wandb":{"runtime":88},"epoch":71,"pearson_r":0.5762871307440517,"val_loss":1.258468747138977,"_timestamp":1.7551840968026042e+09,"spearman_r":0.5699858837637074,"_runtime":88,"_step":72,"rmse":0.9709390926302736,"loss":0.41929730772972107,"r2":0.3129429462264445,"mae":0.7828755553400417}