{
  "rmse": 3.6100260258518335,
  "r2": -0.6648229635678805,
  "mse": 13.25419740134657
}