{"loss":0.3111861050128937,"_runtime":18,"mae":0.7484155259627175,"_timestamp":1.7551794352216282e+09,"r2":0.36855328378659535,"val_loss":0.9100988507270813,"pearson_r":0.6240937728947182,"rmse":0.9308162156674211,"_wandb":{"runtime":18},"spearman_r":0.6216854061847039,"_step":30,"epoch":29}