{"val_loss":1.6279021501541138,"rmse":1.1693362100960647,"_timestamp":1.755183161481517e+09,"mae":0.9577970040072652,"r2":0.003476315863133572,"pearson_r":0.5822269721608324,"spearman_r":0.5687582084454412,"_wandb":{"runtime":131},"_step":111,"epoch":110,"loss":0.4226127564907074,"_runtime":131}