{"epoch":22,"loss":1.171241283416748,"val_loss":1.728649616241455,"_timestamp":1.7551777995042706e+09,"_step":22,"_wandb":{"runtime":16},"_runtime":16}