{
  "rmse": 1.2659153579235958,
  "r2": -18.0312031740632,
  "mse": 1.8386391202242172
}