{"loss":0.8055561184883118,"_step":21,"pearson_r":0.3945098285371632,"val_loss":1.1948834657669067,"spearman_r":0.3676649773695353,"_runtime":15,"r2":0.13947157808042832,"rmse":1.086621253944929,"_wandb":{"runtime":15},"_timestamp":1.755179651646755e+09,"epoch":20,"mae":0.8893543527821854}