{
  "rmse": 2.0843260388312745,
  "r2": -455.2287921267682,
  "mse": 4.6542378134503135
}