{"_timestamp":1.755178420868819e+09,"_wandb":{"runtime":22},"val_loss":1.1162877082824707,"pearson_r":0.5674730814884485,"loss":0.6165053248405457,"epoch":72,"_runtime":22,"r2":0.30798862394357673,"mae":0.7930227544509213,"spearman_r":0.5659545573084847,"_step":73,"rmse":0.9744334927765881}