{"r2":0.353373232658305,"rmse":0.9419382330323421,"spearman_r":0.6017586449949552,"epoch":62,"loss":0.5242651700973511,"_step":63,"pearson_r":0.6159457953073697,"_timestamp":1.7551795462880125e+09,"mae":0.758723291894282,"_runtime":46,"_wandb":{"runtime":46},"val_loss":1.05745530128479}