{
  "validation": {
    "rmse": 0.9016111080672216,
    "r2": -2.674775911888302,
    "mae": 0.7125062436569007,
    "rmse_std": 0.26642871998023865,
    "r2_std": 35.99130282513889,
    "mae_std": 0.2296132887331922
  },
  "test": {
    "rmse": 0.9390047583104607,
    "r2": NaN,
    "mae": 0.7430637013345562,
    "rmse_std": 0.28399916305081463,
    "r2_std": NaN,
    "mae_std": 0.25673810237157496
  }
}