{"epoch":31,"loss":0.6783034801483154,"_wandb":{"runtime":20},"r2":0.1524104489466619,"mae":0.8786487994269361,"spearman_r":0.46777262586024804,"_timestamp":1.7551785768572955e+09,"rmse":1.078421116147806,"pearson_r":0.4796785720437866,"_runtime":20,"_step":32,"val_loss":1.3598030805587769}