{"pearson_r":0.5716638675074442,"_runtime":80,"loss":0.5121841430664062,"epoch":66,"rmse":0.9953629311056247,"spearman_r":0.5920336815515554,"_wandb":{"runtime":80},"val_loss":1.1382912397384644,"_timestamp":1.7551804722883835e+09,"r2":0.277942548986686,"mae":0.8055511536570946,"_step":67}