{"epoch":98,"_step":99,"pearson_r":0.6174576462333422,"_wandb":{"runtime":119},"val_loss":0.9407714009284973,"_runtime":119,"_timestamp":1.7551806096194444e+09,"loss":0.2927766442298889,"mae":0.7773484614698298,"spearman_r":0.6048520798892996,"rmse":0.9520623627842824,"r2":0.33939839917134995}