{"_step":11,"_runtime":13,"epoch":10,"r2":-4.811017797367818,"rmse":2.8237203825543227,"mae":2.572437287184976,"pearson_r":0.11803674510816568,"_timestamp":1.7551803900670588e+09,"_wandb":{"runtime":13},"loss":1.5261642932891846,"val_loss":16.46639633178711,"spearman_r":0.08681692467992994}