{"pearson_r":0.5469031708577905,"_runtime":114,"_timestamp":1.7551808121710784e+09,"_step":54,"_wandb":{"runtime":114},"loss":0.41141605377197266,"r2":0.2846215371819072,"val_loss":1.0113734006881714,"epoch":53,"spearman_r":0.5378105072702561,"rmse":0.9907487122416464,"mae":0.8032184926528692}