{"loss":0.7971383333206177,"val_loss":1.2905575037002563,"_timestamp":1.755177358415403e+09,"_step":15,"epoch":15,"_wandb":{"runtime":17},"_runtime":17}