{"spearman_r":0.06664152918181646,"_step":11,"loss":2.3255770206451416,"pearson_r":0.09886554335667803,"rmse":3.268444061957117,"val_loss":18.68442153930664,"_wandb":{"runtime":7},"_timestamp":1.7551783202026732e+09,"r2":-6.785579456602733,"_runtime":7,"epoch":10,"mae":3.052692719472498}