{"epoch":10,"loss":0.8823449015617371,"_wandb":{"runtime":11},"_runtime":11,"val_loss":3.7026233673095703,"_timestamp":1.7551774398113701e+09,"_step":10}