{"epoch":29,"loss":0.9414749145507812,"val_loss":1.3073673248291016,"_wandb":{"runtime":18},"_runtime":18,"_timestamp":1.7551774671582758e+09,"_step":29}