{"_step":15,"epoch":15,"loss":0.8909770250320435,"val_loss":1.2645065784454346,"_wandb":{"runtime":9},"_runtime":9,"_timestamp":1.7551777816813548e+09}