{
  "rmse": 2.8454748838641573,
  "r2": -0.025416910648345947,
  "mse": 8.144152025713968
}