{"_timestamp":1.755177484779517e+09,"_wandb":{"runtime":16},"_runtime":16,"_step":40,"epoch":40,"loss":0.8783127069473267,"val_loss":1.33613121509552}