{"_wandb":{"runtime":69},"_runtime":69,"_timestamp":1.755180195160806e+09,"epoch":57,"r2":0.1845805560222753,"spearman_r":0.5087961548766214,"_step":58,"val_loss":1.2449195384979248,"mae":0.8600391894825723,"loss":0.6199464797973633,"rmse":1.057757510122561,"pearson_r":0.5019195519331591}