{
  "rmse": 2.868034390302805,
  "r2": -0.03923239117880729,
  "mse": 8.277036945158024
}