{"spearman_r":0.46614874915045856,"mae":0.976981262970978,"r2":-0.03452926700727499,"_timestamp":1.7551802545056732e+09,"_step":42,"loss":0.5916205644607544,"val_loss":2.0803489685058594,"_wandb":{"runtime":57},"epoch":41,"rmse":1.1914257349115833,"_runtime":57,"pearson_r":0.4822005636531077}