{"pearson_r":0.6087063551562331,"_step":117,"spearman_r":0.5997745070975316,"_wandb":{"runtime":138},"loss":0.2559855282306671,"val_loss":1.0364741086959839,"rmse":0.9902362789859498,"epoch":116,"mae":0.8022306851394614,"r2":0.2853613593151001,"_runtime":138,"_timestamp":1.7551828933418877e+09}