{
  "rmse": 1.2281025416076843,
  "r2": -26.72061764908013,
  "mse": 1.7253735486067474
}