{"mae":1.9548776101941792,"val_loss":5.491024971008301,"loss":0.9012294411659241,"_runtime":12,"_timestamp":1.7551803750288126e+09,"pearson_r":0.316416340098145,"rmse":2.2276807301392147,"_step":32,"spearman_r":0.3001978723579982,"_wandb":{"runtime":12},"epoch":31,"r2":-2.616718639411637}