{"pearson_r":0.05202612609780186,"loss":1.1541153192520142,"rmse":2.1187855617360714,"r2":-2.2717705412394955,"_timestamp":1.7551783550384243e+09,"spearman_r":0.05054344955296597,"_wandb":{"runtime":15},"_runtime":15,"val_loss":6.329126834869385,"_step":12,"epoch":11,"mae":1.822489178463586}