{"epoch":22,"loss":0.8805482983589172,"mae":1.2595989924430127,"pearson_r":0.3046376334616797,"_runtime":15,"spearman_r":0.296135532842154,"_step":23,"rmse":1.5394667507208655,"_timestamp":1.7551794987168498e+09,"val_loss":2.5816192626953125,"r2":-0.7272271463739655,"_wandb":{"runtime":15}}