{"val_loss":1.0917805433273315,"_wandb":{"runtime":37},"rmse":1.0297070195358637,"r2":0.22725505136614133,"pearson_r":0.5490238059628474,"_timestamp":1.755183579712213e+09,"spearman_r":0.5521102696465212,"epoch":61,"loss":0.5051000714302063,"mae":0.8407944043802765,"_runtime":37,"_step":62}