{"mae":0.9287204226950424,"_timestamp":1.755183867502318e+09,"_wandb":{"runtime":138},"_runtime":138,"epoch":111,"rmse":1.144515415940726,"pearson_r":0.6139173918922218,"val_loss":1.482108235359192,"loss":0.2832515239715576,"_step":112,"spearman_r":0.6039951188669935,"r2":0.04533253612248178}