{"_timestamp":1.7551798755096898e+09,"r2":0.24378983944668142,"pearson_r":0.5712211669614982,"spearman_r":0.5779969326646366,"_wandb":{"runtime":31},"val_loss":1.348990559577942,"_runtime":31,"mae":0.8182541852179167,"rmse":1.018630885485709,"_step":45,"epoch":44,"loss":0.44564223289489746}