{"_runtime":8,"epoch":37,"pearson_r":0.31170682164632935,"spearman_r":0.2746342799129611,"rmse":1.2323291633871536,"mae":1.0128073776377289,"_step":38,"_timestamp":1.755181837078227e+09,"loss":0.7244454026222229,"r2":-0.10678249250491345,"_wandb":{"runtime":8},"val_loss":1.9030680656433105}