{"r2":0.18388542242932837,"_step":271,"epoch":270,"pearson_r":0.6393210941870535,"_wandb":{"runtime":161},"mae":0.8778207515230325,"_runtime":161,"loss":0.4196420907974243,"spearman_r":0.6283808623163757,"_timestamp":1.7551813866850543e+09,"rmse":1.0582082757660052,"val_loss":1.21294367313385}