{
  "rmse": 2.920156551045319,
  "r2": -0.07841267773140234,
  "mse": 8.58928057102854
}