{"_wandb":{"runtime":16},"_runtime":16,"_timestamp":1.755178337610027e+09,"rmse":0.9721447873284034,"mae":0.7987597345857792,"loss":0.43221795558929443,"spearman_r":0.5706030494596737,"epoch":53,"pearson_r":0.5728560552829729,"r2":0.3112355365903925,"_step":54,"val_loss":0.9476444125175476}