{
  "rmse": 6.034671387549256,
  "r2": -5020.4240429181455,
  "mse": 36.807622846202214
}